Ratios,Unconstrained,Factor Constrained
 ,Unconstrained,Factor Constrained
Annual Return,0.12585793770412512,0.12859010381392477
alpha,0.017434514190508614,0.020666335938176312
beta,0.924899908028404,0.9137285161979533
Sharpe Ratio,0.4917600598266374,0.5093316653628341
IR,0.1155572266994985,0.13849627678084578
Sortino Ratio,0.7362378206541492,0.7649231443428058
