Ratios,Unconstrained,Factor Constrained
 ,Unconstrained,Factor Constrained
Annual Return,0.06365079146008568,0.10550483043545289
alpha,0.002839493641516831,0.03683235392460809
beta,0.33845876170581324,0.4030100343991176
Sharpe Ratio,0.15223579207418547,0.5726691510300109
IR,-0.2270783465160645,-0.05475828095026295
Sortino Ratio,0.21377764791584897,0.8512222808250122
